,train,val,test
C3L-00977-22,True,False,False
C3L-00977-26,True,False,False
C3L-00987-21,True,False,False
C3L-00987-22,True,False,False
C3L-00987-23,True,False,False
C3L-00987-24,True,False,False
C3L-00987-26,True,False,False
C3L-00987-27,True,False,False
C3L-00994-21,True,False,False
C3L-00994-22,True,False,False
C3L-00994-23,True,False,False
C3L-00994-24,True,False,False
C3L-00994-26,True,False,False
C3L-00994-27,True,False,False
C3L-00995-21,True,False,False
C3L-00995-22,True,False,False
C3L-00995-23,True,False,False
C3L-00995-24,True,False,False
C3L-00995-26,True,False,False
C3L-00995-27,True,False,False
C3L-00997-21,True,False,False
C3L-00997-24,True,False,False
C3L-00997-27,True,False,False
C3L-00999-21,True,False,False
C3L-00999-24,True,False,False
C3L-00999-26,True,False,False
C3L-01138-21,True,False,False
C3L-01138-26,True,False,False
C3L-01237-24,True,False,False
C3L-01237-26,True,False,False
C3L-02617-21,True,False,False
C3L-02617-22,True,False,False
C3L-02617-23,True,False,False
C3L-02617-24,True,False,False
C3L-02617-25,True,False,False
C3L-02617-26,True,False,False
C3L-02617-27,True,False,False
C3L-02617-28,True,False,False
C3L-02621-21,True,False,False
C3L-02621-22,True,False,False
C3L-02621-23,True,False,False
C3L-02621-24,True,False,False
C3L-02621-25,True,False,False
C3L-02621-26,True,False,False
C3L-02621-27,True,False,False
C3L-02621-28,True,False,False
C3L-02651-21,True,False,False
C3L-02651-22,True,False,False
C3L-02651-23,True,False,False
C3L-02651-24,True,False,False
C3L-02651-25,True,False,False
C3L-02651-26,True,False,False
C3L-02651-27,True,False,False
C3L-02651-28,True,False,False
C3L-03378-24,True,False,False
C3L-03378-25,True,False,False
C3L-04025-21,True,False,False
C3L-04025-22,True,False,False
C3L-04025-23,True,False,False
C3L-04025-24,True,False,False
C3L-04025-25,True,False,False
C3L-04025-26,True,False,False
C3L-04025-27,True,False,False
C3L-04025-28,True,False,False
C3L-04354-21,True,False,False
C3L-04354-22,True,False,False
C3L-04354-23,True,False,False
C3L-04354-24,True,False,False
C3L-04354-25,True,False,False
C3L-04354-26,True,False,False
C3L-04354-27,True,False,False
C3L-04354-28,True,False,False
C3L-04791-21,True,False,False
C3L-04791-22,True,False,False
C3L-04791-23,True,False,False
C3L-04791-24,True,False,False
C3L-04791-25,True,False,False
C3L-04791-26,True,False,False
C3L-04791-27,True,False,False
C3L-04791-28,True,False,False
C3L-04844-21,True,False,False
C3L-04844-22,True,False,False
C3L-04844-23,True,False,False
C3L-04849-21,True,False,False
C3L-04849-22,True,False,False
C3N-00204-21,True,False,False
C3N-00204-22,True,False,False
C3N-00204-23,True,False,False
C3N-00204-24,True,False,False
C3N-00204-26,True,False,False
C3N-00204-27,True,False,False
C3N-00295-21,True,False,False
C3N-00295-22,True,False,False
C3N-00295-23,True,False,False
C3N-00295-24,True,False,False
C3N-00295-25,True,False,False
C3N-00297-21,True,False,False
C3N-00297-22,True,False,False
C3N-00297-23,True,False,False
C3N-00297-24,True,False,False
C3N-00297-25,True,False,False
C3N-00299-21,True,False,False
C3N-00299-22,True,False,False
C3N-00299-23,True,False,False
C3N-00299-24,True,False,False
C3N-00299-25,True,False,False
C3N-00306-21,True,False,False
C3N-00306-22,True,False,False
C3N-00306-23,True,False,False
C3N-00306-24,True,False,False
C3N-00306-25,True,False,False
C3N-00307-21,True,False,False
C3N-00307-22,True,False,False
C3N-00307-23,True,False,False
C3N-00307-24,True,False,False
C3N-00307-25,True,False,False
C3N-00498-21,True,False,False
C3N-00498-22,True,False,False
C3N-00498-23,True,False,False
C3N-00498-24,True,False,False
C3N-00498-25,True,False,False
C3N-00519-21,True,False,False
C3N-00519-22,True,False,False
C3N-00519-23,True,False,False
C3N-00519-24,True,False,False
C3N-00519-25,True,False,False
C3N-00822-21,True,False,False
C3N-00822-22,True,False,False
C3N-00822-25,True,False,False
C3N-00828-21,True,False,False
C3N-00828-22,True,False,False
C3N-00828-23,True,False,False
C3N-00828-24,True,False,False
C3N-00828-25,True,False,False
C3N-00829-21,True,False,False
C3N-00829-22,True,False,False
C3N-00829-23,True,False,False
C3N-00829-24,True,False,False
C3N-00829-25,True,False,False
C3N-00846-21,True,False,False
C3N-00846-22,True,False,False
C3N-00846-23,True,False,False
C3N-00846-26,True,False,False
C3N-01337-24,True,False,False
C3N-01337-25,True,False,False
C3N-01337-26,True,False,False
C3N-01338-21,True,False,False
C3N-01338-22,True,False,False
C3N-01338-25,True,False,False
C3N-01339-21,True,False,False
C3N-01339-22,True,False,False
C3N-01339-25,True,False,False
C3N-01620-21,True,False,False
C3N-01620-23,True,False,False
C3N-01620-25,True,False,False
C3N-01643-23,True,False,False
C3N-01643-24,True,False,False
C3N-01645-22,True,False,False
C3N-01645-23,True,False,False
C3N-01645-25,True,False,False
C3N-01752-21,True,False,False
C3N-01752-22,True,False,False
C3N-01754-21,True,False,False
C3N-01754-22,True,False,False
C3N-01754-24,True,False,False
C3N-01755-21,True,False,False
C3N-01755-22,True,False,False
C3N-01755-23,True,False,False
C3N-01756-21,True,False,False
C3N-01756-25,True,False,False
C3N-01757-24,True,False,False
C3N-01758-21,True,False,False
C3N-01758-22,True,False,False
C3N-01758-23,True,False,False
C3N-01758-24,True,False,False
C3N-01858-21,True,False,False
C3N-01858-22,True,False,False
C3N-01943-22,True,False,False
C3N-01943-23,True,False,False
C3N-01946-21,True,False,False
C3N-01946-24,True,False,False
C3N-01947-22,True,False,False
C3N-01947-25,True,False,False
C3N-01948-21,True,False,False
C3N-01948-23,True,False,False
C3N-02333-21,True,False,False
C3N-02333-22,True,False,False
C3N-02333-23,True,False,False
C3N-02333-26,True,False,False
C3N-02693-21,True,False,False
C3N-02694-22,True,False,False
C3N-02694-23,True,False,False
C3N-02695-21,True,False,False
C3N-02695-22,True,False,False
C3N-02695-24,True,False,False
C3N-02713-21,True,False,False
C3N-02713-22,True,False,False
C3N-02713-23,True,False,False
C3N-02713-26,True,False,False
C3N-02714-21,True,False,False
C3N-02714-22,True,False,False
C3N-02714-23,True,False,False
C3N-02714-26,True,False,False
C3N-02716-21,True,False,False
C3N-02716-22,True,False,False
C3N-02716-23,True,False,False
C3N-02925-21,True,False,False
C3N-02925-22,True,False,False
C3N-02925-23,True,False,False
C3N-03008-21,True,False,False
C3N-03008-23,True,False,False
C3N-03009-23,True,False,False
C3N-03011-21,True,False,False
C3N-03011-22,True,False,False
C3N-03011-23,True,False,False
C3N-03012-21,True,False,False
C3N-03012-25,True,False,False
C3N-03013-21,True,False,False
C3N-03013-23,True,False,False
C3N-03015-21,True,False,False
C3N-03027-21,True,False,False
C3N-03027-23,True,False,False
C3N-03028-21,True,False,False
C3N-03028-24,True,False,False
C3N-03042-21,True,False,False
C3N-03042-22,True,False,False
C3N-03042-23,True,False,False
C3N-03042-24,True,False,False
C3N-03042-25,True,False,False
C3N-03042-26,True,False,False
C3N-03045-21,True,False,False
C3N-03045-22,True,False,False
C3N-03226-21,True,False,False
C3N-03226-22,True,False,False
C3N-03226-23,True,False,False
C3N-03226-26,True,False,False
C3N-03457-22,True,False,False
C3N-03457-23,True,False,False
C3N-03458-21,True,False,False
C3N-03488-21,True,False,False
C3N-03488-22,True,False,False
C3N-03488-23,True,False,False
C3N-03488-26,True,False,False
C3N-03490-21,True,False,False
C3N-03490-22,True,False,False
C3N-03490-23,True,False,False
C3N-03490-26,True,False,False
C3N-03612-21,True,False,False
C3N-03612-22,True,False,False
C3N-03612-23,True,False,False
C3N-03612-26,True,False,False
C3N-03620-21,True,False,False
C3N-03620-22,True,False,False
C3N-03620-23,True,False,False
C3N-03620-26,True,False,False
C3N-03781-21,True,False,False
C3N-03781-24,True,False,False
C3N-03782-21,True,False,False
C3N-03782-22,True,False,False
C3N-03783-21,True,False,False
C3N-03783-23,True,False,False
C3N-03785-23,True,False,False
C3N-03785-24,True,False,False
C3N-03837-21,True,False,False
C3N-03837-22,True,False,False
C3N-03837-23,True,False,False
C3N-03841-21,True,False,False
C3N-03841-22,True,False,False
C3N-03841-23,True,False,False
C3N-03849-21,True,False,False
C3N-03849-22,True,False,False
C3N-03849-23,True,False,False
C3N-03878-21,True,False,False
C3N-03878-22,True,False,False
C3N-03878-23,True,False,False
C3N-03933-21,True,False,False
C3N-03933-22,True,False,False
C3N-03933-23,True,False,False
C3N-03933-26,True,False,False
C3N-04151-21,True,False,False
C3N-04151-22,True,False,False
C3N-04151-23,True,False,False
C3N-04151-26,True,False,False
C3N-04153-21,True,False,False
C3N-04153-22,True,False,False
C3N-04153-23,True,False,False
C3N-04153-26,True,False,False
C3N-04273-21,True,False,False
C3N-04273-23,True,False,False
C3N-04273-25,True,False,False
C3N-04275-24,True,False,False
C3N-04275-25,True,False,False
C3N-04276-21,True,False,False
C3N-04277-22,True,False,False
C3N-04277-24,True,False,False
C3N-04278-21,True,False,False
C3N-04278-25,True,False,False
C3N-04279-21,True,False,False
C3N-04280-23,True,False,False
C3N-04611-21,True,False,False
C3N-04611-22,True,False,False
C3N-04611-23,True,False,False
C3N-04611-26,True,False,False
TCGA-DR-A0ZM-01Z-00-DX1.74DA4FCA-3876-4C06-85B9-D20456B89903,True,False,False
TCGA-EA-A410-01Z-00-DX1.40217EF9-3F9A-4669-A78E-AC851F62E532,True,False,False
TCGA-EA-A4BA-01Z-00-DX1.7EB090B2-E79E-417F-A871-247353679D7B,True,False,False
TCGA-EA-A556-01Z-00-DX1.08D384ED-C0AF-429B-8E7E-0B2BEAB2E90A,True,False,False
TCGA-FU-A57G-01Z-00-DX1.3007337B-A044-4831-B957-F8740E9ACB4E,True,False,False
TCGA-JW-A5VH-01Z-00-DX1.1A81423C-5E6B-4766-947B-E7E32A7CDBA6,True,False,False
TCGA-BI-A0VR-01Z-00-DX1.69847920-5A6E-4318-9AD8-6EC9EECD1B3A,True,False,False
TCGA-BI-A20A-01Z-00-DX1.308DB77E-2A99-4E4F-B231-F88A0E1AA145,True,False,False
TCGA-C5-A1BE-01Z-00-DX1.C6EB1805-CF3F-4ECC-8014-ED0AB4AF7911,True,False,False
TCGA-C5-A1BF-01Z-00-DX1.293186DB-FB68-4C45-91FC-5C0A789B1D2D,True,False,False
TCGA-C5-A1BI-01Z-00-DX1.8BDACB17-D5CF-4462-B58F-8C1AF589E093,True,False,False
TCGA-C5-A1BJ-01Z-00-DX1.178689C8-25A8-4BE9-B5CF-0D04CCD65CDF,True,False,False
TCGA-C5-A1BL-01Z-00-DX1.E71D7185-85C2-4E08-AA56-006B08FBD630,True,False,False
TCGA-C5-A1BQ-01Z-00-DX1.72164F1F-956F-4C46-A7B7-CBF8DBEC2E56,True,False,False
TCGA-C5-A1M5-01Z-00-DX1.37D62003-2428-42E7-8396-72C3C04F7E68,True,False,False
TCGA-C5-A1M6-01Z-00-DX1.13F7405D-AD0E-4A1C-9DF4-00DC90756D28,True,False,False
TCGA-C5-A1M7-01Z-00-DX1.5E02FF3D-8955-4747-A355-A39BBECE42B0,True,False,False
TCGA-C5-A1M8-01Z-00-DX1.E4AA52E6-AC3E-406E-A8FC-66EAD770AA59,True,False,False
TCGA-C5-A1ME-01Z-00-DX1.44645529-F452-49AD-8044-0C43DDBAE774,True,False,False
TCGA-C5-A1MF-01Z-00-DX1.8C787217-8C11-4296-A955-45DA0B17C2BA,True,False,False
TCGA-C5-A1MH-01Z-00-DX1.3DCE5241-5E79-4FCB-9D98-063F7121CE8D,True,False,False
TCGA-C5-A1MI-01Z-00-DX1.93D2D53E-C990-4CEE-AF61-A841A3798A74,True,False,False
TCGA-C5-A1MJ-01Z-00-DX1.727E1B5B-6DBE-4D79-B8D9-0C6C9BFA3204,True,False,False
TCGA-C5-A1MK-01Z-00-DX1.2C5781B3-C7E1-46CE-8853-E99497A60571,True,False,False
TCGA-C5-A1MN-01Z-00-DX1.2D1DE4B8-7463-4708-872E-DA9D8DA2E421,True,False,False
TCGA-C5-A1MP-01Z-00-DX1.7B976D22-AA7D-45CD-9624-E1BA41D74312,True,False,False
TCGA-C5-A2LS-01Z-00-DX1.9856EC9C-04C8-4784-B294-0D515F20A6AF,True,False,False
TCGA-C5-A2LT-01Z-00-DX1.3976C725-D766-468F-92BF-789D5280C11B,True,False,False
TCGA-C5-A2LV-01Z-00-DX1.B8C938D3-FCD8-43C9-8520-6645875FCD30,True,False,False
TCGA-C5-A2LX-01Z-00-DX1.6029EAB9-19ED-46AC-BF9A-1754D39E76E9,True,False,False
TCGA-C5-A2LY-01Z-00-DX1.14B39C98-A637-44DB-93F3-7904A7F08182,True,False,False
TCGA-C5-A2LZ-01Z-00-DX1.D5CB77BD-EDA8-4D2E-8041-DFB946A131C1,True,False,False
TCGA-C5-A2M1-01Z-00-DX1.E03FE8EC-002B-4673-ACC5-A32F1CA94A98,True,False,False
TCGA-C5-A2M2-01Z-00-DX1.145589C8-870A-49BD-BC54-A8951E2DEDE3,True,False,False
TCGA-C5-A3HD-01Z-00-DX1.11EECACD-371A-4B16-A21A-8E2A2258D3A9,True,False,False
TCGA-C5-A3HE-01Z-00-DX1.9792538B-1DA9-41F0-B1F3-5C13B23AA7E0,True,False,False
TCGA-C5-A3HF-01Z-00-DX1.2E520845-B9F6-4E56-80C8-2742DE6DF22B,True,False,False
TCGA-C5-A3HL-01Z-00-DX1.324403AE-C1AC-4562-9EC8-9F4287C03FA1,True,False,False
TCGA-C5-A7CG-01Z-00-DX1.42D2FD26-D8ED-49DA-AEF0-FCAD9DB6B4BD,True,False,False
TCGA-C5-A7CH-01Z-00-DX1.135C076E-0B56-415F-9693-74730157730F,True,False,False
TCGA-C5-A7CJ-01Z-00-DX1.BEDCF053-02EE-4A5F-8134-C8E2AB556ED4,True,False,False
TCGA-C5-A7CK-01Z-00-DX1.F2C3A27B-494E-491F-9E3B-B91B20E50C6C,True,False,False
TCGA-C5-A7CL-01Z-00-DX1.AF88B99D-C1BB-489F-BAD4-F65119B1938F,True,False,False
TCGA-C5-A7CM-01Z-00-DX1.A1886113-2505-4EE3-8170-389AB304EE6C,True,False,False
TCGA-C5-A7UE-01Z-00-DX1.7C6A6BB7-0BA8-47A1-A712-21D889293AFE,True,False,False
TCGA-DG-A2KH-01Z-00-DX1.A223508A-D3EE-4EB0-9578-C8926FF625E3,True,False,False
TCGA-DG-A2KK-01Z-00-DX1.248D92C3-AD5B-4F3C-AE5C-6F8C70C7AE87,True,False,False
TCGA-DG-A2KL-01Z-00-DX1.BB898567-DB9E-45B3-BFF2-EE4EC2B4B5BC,True,False,False
TCGA-DG-A2KM-01Z-00-DX1.58F88374-0268-4314-B75D-BF04DA186995,True,False,False
TCGA-DR-A0ZL-01Z-00-DX1.C11BCD07-A8F4-4F1D-9AE2-5A118E8AE95C,True,False,False
TCGA-DS-A0VK-01Z-00-DX1.E400810B-7164-4D56-9615-17965C2EEDE2,True,False,False
TCGA-DS-A0VM-01Z-00-DX2.02913549-89AB-4963-BED2-3E0D8AE414E7,True,False,False
TCGA-DS-A0VM-01Z-00-DX1.9F3A1D5D-297F-42ED-BAB3-AD272B9D3F93,True,False,False
TCGA-DS-A0VN-01Z-00-DX1.DD5F880D-4BA9-45EB-8023-8BA6B59EF32D,True,False,False
TCGA-DS-A3LQ-01Z-00-DX1.14D94FE2-60A6-49FD-8E8E-325C2C39B550,True,False,False
TCGA-EA-A1QT-01Z-00-DX1.3CF9DD48-AC8F-4DE1-A155-5F2DE5A58976,True,False,False
TCGA-EA-A3HQ-01Z-00-DX1.13225BE1-091D-41DA-8B4D-C91B1A0CC9D6,True,False,False
TCGA-EA-A3HR-01Z-00-DX1.E3ED09EE-1667-42DD-A1F5-F430CE9A2A25,True,False,False
TCGA-EA-A3HT-01Z-00-DX1.6B374081-2ECB-4973-8AE7-BF8FA9F00BBC,True,False,False
TCGA-EA-A3HU-01Z-00-DX1.74B5BF15-FB92-4426-99F3-C3D58CD9FE18,True,False,False
TCGA-EA-A3QD-01Z-00-DX1.247BDFE4-6352-4531-83CC-D30D5945CAE2,True,False,False
TCGA-EA-A3Y4-01Z-00-DX1.05FCBE75-3B24-4905-96D7-E9676EF69003,True,False,False
TCGA-EA-A411-01Z-00-DX1.F166825A-38D6-4846-883F-74719F578A94,True,False,False
TCGA-EA-A439-01Z-00-DX1.0E3C5FDD-D68A-4B1C-A858-9F2ED2BF293F,True,False,False
TCGA-EA-A43B-01Z-00-DX1.4EC03006-C4D1-41E2-A003-99F816F21981,True,False,False
TCGA-EA-A44S-01Z-00-DX1.7AE8EECF-A35D-4111-990C-2819B20F79F6,True,False,False
TCGA-EA-A5O9-01Z-00-DX1.9694E52A-60A4-4044-90B5-64C11460CAD2,True,False,False
TCGA-EA-A5ZD-01Z-00-DX1.0F22F099-E562-4AF5-9DE9-46667A4B25B0,True,False,False
TCGA-EA-A5ZF-01Z-00-DX1.DEEAB916-6C01-46A5-9B20-B07C0C30F349,True,False,False
TCGA-EA-A6QX-01Z-00-DX1.2290FFB1-4195-4A70-8472-AE7F22A64FAA,True,False,False
TCGA-EX-A1H5-01Z-00-DX1.B82669F8-69A2-414F-872F-F51CF3B2E34A,True,False,False
TCGA-EX-A1H6-01Z-00-DX1.C7BFF24E-B6DD-41D9-BACF-CE64989FC10A,True,False,False
TCGA-EX-A69L-01Z-00-DX1.7A625731-6D1B-4A86-A3EC-C449CF4D9590,True,False,False
TCGA-EX-A69M-01Z-00-DX1.D0875AD8-BB8D-4CED-BAE8-B54312297A53,True,False,False
TCGA-FU-A23L-01Z-00-DX1.8E5867F8-C381-443A-9FDB-1BA352CCCBAE,True,False,False
TCGA-FU-A2QG-01Z-00-DX1.C3250B28-88A1-4EEC-9854-22FA371DB9AA,True,False,False
TCGA-FU-A3NI-01Z-00-DX1.C613997B-55E7-4B49-BF62-B961606B5CF2,True,False,False
TCGA-FU-A3TQ-01Z-00-DX1.8A9BD5E8-CBFF-4AFB-848C-6F44F8F46129,True,False,False
TCGA-FU-A3TX-01Z-00-DX1.EE303173-5102-4633-92AA-A4C18AB1D251,True,False,False
TCGA-FU-A3WB-01Z-00-DX1.692AD3D1-6605-46CC-A899-48E952C6F80A,True,False,False
TCGA-FU-A3YQ-01Z-00-DX1.6ABB4FDF-5335-48DF-8B0B-B167E673D52B,True,False,False
TCGA-FU-A40J-01Z-00-DX1.E75FB5CE-00E2-4566-894E-566D73CF5DF0,True,False,False
TCGA-FU-A5XV-01Z-00-DX1.42E46204-02C8-4BD4-B14C-4A77895EECA5,True,False,False
TCGA-HG-A2PA-01Z-00-DX1.CA661EA3-16E7-4DA6-A791-193DCA5A819C,True,False,False
TCGA-HM-A3JJ-01Z-00-DX1.13577649-8FC2-474C-8402-CAF702270254,True,False,False
TCGA-HM-A3JK-01Z-00-DX1.D7DFD54D-DF9F-4279-A0FD-760290759C24,True,False,False
TCGA-HM-A4S6-01Z-00-DX1.B1F46381-4FBC-46D1-A8AA-729D136AB2ED,True,False,False
TCGA-IR-A3L7-01Z-00-DX1.BE6A5DA0-E30B-4D27-ADA3-26E99845D2F0,True,False,False
TCGA-IR-A3LB-01Z-00-DX1.E1DAA5F8-0906-4F6C-B241-E8144ADB50F5,True,False,False
TCGA-IR-A3LC-01Z-00-DX1.D5E87530-B079-4374-9DFE-4100CE6A4CDA,True,False,False
TCGA-IR-A3LF-01Z-00-DX1.ADFB9764-F018-47F5-B6BA-6EFF1079F88E,True,False,False
TCGA-IR-A3LH-01Z-00-DX1.38CF2E11-DE1E-4E24-964C-34861E76F9CC,True,False,False
TCGA-IR-A3LI-01Z-00-DX1.D8DFF41A-2F52-416D-99A6-241EEEB42B7A,True,False,False
TCGA-IR-A3LK-01Z-00-DX1.5BD14F93-80DE-47A5-9582-611BA43D81B3,True,False,False
TCGA-JW-A5VG-01Z-00-DX1.59D9AE20-FE48-44E4-B139-91BF9FD3CBD1,True,False,False
TCGA-JW-A5VL-01Z-00-DX1.93E521AE-1E55-4FBF-A298-78C08ABCB076,True,False,False
TCGA-JW-A69B-01Z-00-DX1.1C01BC3B-4DC2-4589-8940-10DFCCB2CF22,True,False,False
TCGA-JX-A3PZ-01Z-00-DX1.B5104E52-828E-49E1-9467-AC506EC5D551,True,False,False
TCGA-JX-A3Q0-01Z-00-DX1.F848EB8C-256B-4205-B34A-9461E16F6744,True,False,False
TCGA-JX-A5QV-01Z-00-DX1.90769414-2C5C-4BAA-A432-9FC0A15EEF5A,True,False,False
TCGA-LP-A4AU-01Z-00-DX1.6E74590D-7AE0-451B-A340-D6C0B1C46E05,True,False,False
TCGA-LP-A4AV-01Z-00-DX1.42D4222F-9534-48B5-8478-2BA6E25F32BA,True,False,False
TCGA-LP-A4AW-01Z-00-DX1.EBEB0F74-3F52-4A55-8633-08B3DBA3D731,True,False,False
TCGA-LP-A4AX-01Z-00-DX1.63D0B7FC-8A6C-40F8-95A4-1F5D9C6FB5D2,True,False,False
TCGA-LP-A7HU-01Z-00-DX1.AE8E0ECD-C300-4260-A418-F86EED790E0F,True,False,False
TCGA-MU-A51Y-01Z-00-DX1.EC146E16-85BA-4817-A2BE-37BDE4349B5C,True,False,False
TCGA-MU-A5YI-01Z-00-DX1.9A120E91-4345-45D5-BF51-C2D6F9612632,True,False,False
TCGA-MY-A5BE-01Z-00-DX3.6DA5EAD4-BB7C-42ED-BE81-CEF2FAE7A11C,True,False,False
TCGA-MY-A5BE-01Z-00-DX1.C345ACDE-83AF-4EB1-9B4C-EBA16F89CB9F,True,False,False
TCGA-MY-A5BE-01Z-00-DX4.FEB6720A-6D9C-4EE7-9251-1BE636EA5269,True,False,False
TCGA-MY-A5BE-01Z-00-DX2.7152FFD0-9DD2-4B1A-AADC-8C00B156EBE0,True,False,False
TCGA-Q1-A5R1-01Z-00-DX1.25DCB2F6-6F57-4D78-A801-38910AFF6564,True,False,False
TCGA-Q1-A5R2-01Z-00-DX1.FED4C720-A758-4C81-ABC0-48B9F995506A,True,False,False
TCGA-Q1-A5R3-01Z-00-DX1.8A313239-8F5E-4F78-BBB5-640BF6079FF2,True,False,False
TCGA-Q1-A73O-01Z-00-DX1.305629EA-C987-4464-A4AD-730DFEB6CD0C,True,False,False
TCGA-Q1-A73P-01Z-00-DX1.2E8DD02B-4F5D-4E13-91DB-D9E2373B645F,True,False,False
TCGA-Q1-A73Q-01Z-00-DX1.E39029C5-48EE-466B-A11B-B884A83250F5,True,False,False
TCGA-Q1-A73R-01Z-00-DX1.1BF1893C-AC21-4FB2-A568-F71B75350374,True,False,False
TCGA-Q1-A73S-01Z-00-DX1.D74CFF58-A032-45D2-98FA-4B4D9AB90069,True,False,False
TCGA-RA-A741-01Z-00-DX1.E14092BA-D4CE-4AD6-ACD7-D463D7C4DE71,True,False,False
C3N-03876-21,False,True,False
C3N-03876-22,False,True,False
C3N-03876-23,False,True,False
C3N-02279-21,False,True,False
C3N-02279-25,False,True,False
C3N-02700-21,False,True,False
C3N-02700-22,False,True,False
C3N-02700-23,False,True,False
C3N-02700-26,False,True,False
TCGA-HM-A6W2-01Z-00-DX1.462A81C4-C865-4617-A1F0-5A4EDA176A61,False,True,False
TCGA-HM-A6W2-01Z-00-DX2.DD08024A-D7A2-4730-96CA-2D494AA90D2F,False,True,False
C3N-03433-22,False,True,False
C3N-01859-21,False,True,False
C3N-00871-21,False,True,False
C3N-00871-22,False,True,False
C3N-03487-21,False,True,False
C3N-03487-22,False,True,False
C3N-03487-23,False,True,False
C3N-03487-26,False,True,False
C3N-01944-21,False,True,False
C3N-01944-24,False,True,False
C3N-03889-21,False,True,False
C3N-03889-22,False,True,False
C3N-03889-23,False,True,False
C3N-03889-26,False,True,False
C3N-03888-21,False,True,False
C3N-03888-22,False,True,False
C3N-03888-23,False,True,False
C3N-03888-26,False,True,False
C3N-03928-21,False,True,False
C3N-03928-22,False,True,False
C3N-03928-23,False,True,False
C3N-03928-26,False,True,False
TCGA-FU-A3HY-01Z-00-DX1.246D4D7B-7656-431E-A9EA-336F9FADF36E,False,True,False
TCGA-EA-A78R-01Z-00-DX1.B8A8BFEC-B584-4804-BF9B-08A377238482,False,True,False
TCGA-JW-A5VK-01Z-00-DX1.828A50C3-1C95-4552-8C37-CA9556DF4B94,False,True,False
TCGA-IR-A3LL-01Z-00-DX1.FBAC6F9B-CFA0-45F6-BBDD-10D69D5DB975,False,True,False
TCGA-MY-A5BD-01Z-00-DX1.E7DFAEEE-649B-47F5-A9E0-F0EE85680E45,False,True,False
TCGA-FU-A770-01Z-00-DX1.67C6E3B1-22BC-41C6-B841-2C01DF1D5071,False,True,False
TCGA-EA-A5ZE-01Z-00-DX1.A448B9F5-E8DB-453A-BC88-4797A6DE9860,False,True,False
TCGA-C5-A1BN-01Z-00-DX1.75ED1BD9-C458-42D3-8A98-8FE41BB9CC2E,False,True,False
TCGA-C5-A1BK-01Z-00-DX1.B01FAC89-30CC-4CDB-9104-844DB4069EF8,False,True,False
TCGA-LP-A5U2-01Z-00-DX1.5D32288C-4472-4B5A-B3F6-93D31A8E6E52,False,True,False
TCGA-Q1-A6DT-01Z-00-DX1.4790D582-87FA-4684-AA0B-81C294FBF522,False,True,False
TCGA-Q1-A6DW-01Z-00-DX1.5F92312A-1AAF-419F-9D1A-196A6C0D5337,False,True,False
TCGA-FU-A3EO-01Z-00-DX1.55528543-84AF-49EE-8986-6519F2BFF0E1,False,True,False
TCGA-MY-A5BF-01Z-00-DX2.B9688F0E-42A9-4328-BB22-6446636EFF0F,False,True,False
TCGA-MY-A5BF-01Z-00-DX1.EBA36CA2-14D7-45C5-BE6D-FF35B69079FF,False,True,False
TCGA-MY-A5BF-01Z-00-DX3.CF669DE8-217E-47A6-839F-ABE9657BA566,False,True,False
TCGA-MY-A5BF-01Z-00-DX4.48F35F8C-450B-4851-95D0-642B2A700671,False,True,False
C3N-00825-23,False,False,True
C3N-00825-24,False,False,True
C3N-00825-25,False,False,True
C3N-03619-21,False,False,True
C3N-03619-22,False,False,True
C3N-03619-23,False,False,True
C3N-03619-26,False,False,True
TCGA-IR-A3LA-01Z-00-DX1.D468114A-B28D-4F61-9582-2D0FC9BDA922,False,False,True
C3N-01945-21,False,False,True
C3N-01945-24,False,False,True
C3N-04152-21,False,False,True
C3N-04152-22,False,False,True
C3N-04152-23,False,False,True
C3N-04152-26,False,False,True
C3N-01340-21,False,False,True
C3N-01340-22,False,False,True
C3N-01340-24,False,False,True
C3N-02730-21,False,False,True
C3N-02730-22,False,False,True
C3N-02730-23,False,False,True
C3N-03664-21,False,False,True
C3N-03664-22,False,False,True
C3N-03664-23,False,False,True
C3N-03664-26,False,False,True
C3N-02275-22,False,False,True
C3N-02275-23,False,False,True
C3N-02275-24,False,False,True
C3N-00857-21,False,False,True
C3N-00857-22,False,False,True
C3N-00857-25,False,False,True
C3N-03456-21,False,False,True
C3N-02727-21,False,False,True
C3N-02727-22,False,False,True
C3N-02727-23,False,False,True
C3N-02727-26,False,False,True
TCGA-BI-A0VS-01Z-00-DX1.C1E1F2D2-4F9F-42A2-914F-75ED20A1DB61,False,False,True
TCGA-JX-A3Q8-01Z-00-DX1.4995F70C-BDBE-4435-B57B-C6ACC27B0E91,False,False,True
TCGA-C5-A1BM-01Z-00-DX1.81ABAED9-1156-4159-BFC7-53FA341FE00F,False,False,True
TCGA-EA-A50E-01Z-00-DX1.47E4FA53-C268-4859-ADC3-82B4BDE6BEF1,False,False,True
TCGA-EA-A3QE-01Z-00-DX1.7BCDA7C3-5A22-450D-AE15-7D5E79CC87DA,False,False,True
TCGA-EA-A1QS-01Z-00-DX1.7BB98DFE-C3C5-459A-BEE8-6ECCEC27B223,False,False,True
TCGA-LP-A5U3-01Z-00-DX1.709B6010-A1E5-48DF-A994-40816B1825FC,False,False,True
TCGA-Q1-A6DV-01Z-00-DX1.A31CD86F-703A-462F-8608-E7729607A325,False,False,True
TCGA-EA-A5FO-01Z-00-DX1.202FDE15-12C5-4AA6-B431-213BA1551866,False,False,True
TCGA-C5-A0TN-01Z-00-DX1.D5AB52B6-AD7D-494F-B1AC-E3A72EAD9F51,False,False,True
TCGA-C5-A1M9-01Z-00-DX1.A84760B1-02A8-4380-954A-7A4133E9C763,False,False,True
TCGA-DG-A2KJ-01Z-00-DX1.3BAFB571-9A8B-4757-ABAD-7C44E2FA36AF,False,False,True
TCGA-EX-A3L1-01Z-00-DX1.F533D7B4-4E0C-48F0-B0E0-36F96006F4CC,False,False,True
TCGA-FU-A23K-01Z-00-DX1.DC2AFA87-14DE-456D-8900-52F91846EC96,False,False,True
